category,Number_of_Orders,Sales_Amount
KURTA,2424,1042282.979999997
SET,2487,1855257.1200000062
ETHNIC DRESS,57,42388.540000000015
WESTERN DRESS,1087,677005.1599999988
SAREE,8,5424.76
BLOUSE,49,25512.410000000007
BOTTOM,29,19356.34
TOP,375,168213.5999999999
