Category,Promotion_Order_Counts,No_Promotion_Order_Counts,Promotion_Quantity_Sold,No_Promotion_Quantity_Sold,Promotion_Quantity_Impact,Promotion_Sales,No_Promotion_Sales,Percent_Promotion_Sales_Impact
KURTA,25491,18647,28060,16985,11075,13090148,7361993,77.8071236959883
SET,31491,13869,33172,12117,21055,27944396,9718028,187.55212477263905
ETHNIC DRESS,641,450,649,404,245,484852,275859,75.76080533895939
WESTERN DRESS,10709,3202,11110,2833,8277,8438285,2190811,285.16718238131904
SAREE,97,39,120,32,88,93532,24977,274.47251471353644
BLOUSE,476,372,504,359,145,268011,166740,60.735876214465634
BOTTOM,269,112,294,104,190,107590,32636,229.6666258119868
TOP,5623,4157,5939,3964,1975,3160706,2043027,54.70701072477261
